Ключ;Значение
ААРМ;армейская артиллерийская ремонтная мастерская
АБ;автобронетанковый
АБТ;автобронетанковый
АБТВ;автобронетанковые войска
АБТМ;автобронетанковая мастерская
АБТО;автобронетанковый отдел
АБТУ;автобронетанковое управление
АВАД;армейская военно-автомобильная дорога
АВВСПВО;армия ВВС и ПВО
АВЛ;армейский ветлазарет
АВП;армия Войска Польского
АГ;армейская группа
АГШ;Академия Генерального штаба
АДД;авиация дальнего действия
АДЦ;авиация дальнего действия
АЗ;аэростат заграждения
АИР;артиллерийская инструментальная разведка
АК;армейский корпус
АККУКС;Артиллерийские Краснознаменные курсы усовершенствования командного состава
АКУКС;артиллерийские курсы усовершенствования командного состава
АМП;артиллерийский метеорологический пост
АНО;аэронавигационные огни
АНП;артиллерийский наблюдательный пункт ( внесено дополнение)
АОН;артиллерия особого назначения, армия особого назначения
АОНР;артиллерия особого назначения республики
АП;авиационный полк
АРГК;артиллерия резерва Главного Командования
АССР;автономная советская социалистическая республика
АУ;артиллерийское управление
АХО;административно-хозяйственный отдел
АХС;административно-хозяйственная служба
АХЧ;административно-хозяйственная часть
АЭ;авиационная эскадрилья
Агитпропотдел;агитационно-пропагандистский отдел
Агитпросвет;агитационно-просветительский отдел
АзВФ;Азовская военная флотилия
АЗФ;Азовская военная флотилия
Ардом;арестный дом
АртИ;артиллерийский институт
АртИИ;артиллерийский инженерный институт
Артком;Артиллерийский комитет
Артсклад;артиллерийский склад
АрхВО;Архангельский военный округ
Б.;(в названии) Большой
Б/п;беспартийный
БА;бомбардировочная авиация
БАО;батальон аэродромного обслуживания
ББ;ближний бомбардировщик
ББА;ближнебомбардировочная авиация
ББК;Беломорско-Балтийский канал
БВМИ;Балтийский военно-морской институт
БВО;Белорусский военный округ
БДБ;быстроходные десантные баржи
БЕПО;бронепоезд
БЗ;боезапас
БКА;бронекатер
БМ;большой мощности
БОВО;Белорусский Особый военный округ
БРО;батальонный район обороны
БССР;Белорусская Советская Социалистическая Республика
БТиМВ;бронетанковые и механизированные войска
БУП;Боевой устав пехоты
БФ;Белорусский фронт
Боеучасток;боевой участок
буч;боевой участок
ВА;воздушная армия
ВАГШ;Военная академия Генерального штаба
ВАД;военно-автомобильная дорога
ВАИ;Военный авиационный институт
ВАИИ;Военный авиационный инженерный институт
ВАКШС;Военная академия командного и штурманского состава ВВС КА
ВАРВСН;Военная академия РВСН
ВАТТ;Военная академия тыла и транспорта
ВАТУ;Военный авиационно-технический университет
ВАФ;Военная академия им. М.В. Фрунзе
ВАвтУ;Военный автомобильный университет
ВАртУ;Военный артиллерийский университет
ВВ;внутренние войска
ВВА;Военно-воздушная академия
ВВС;военно-воздушные силы
ВВСП;временный военно-санитарный поезд
ВВУЗ;высшее военно-учебное заведение
ВВФ;Волжская военная флотилия
ВГК;верховное главнокомандование
ВДА;воздушно-десантная армия
ВДВ;воздушно-десантные войска
ВДУ;военно-дорожное управление
ВИ;военный институт
ВИА;воздушная истребительная армия
ВИГУ;Военный инженерно-технический университет
ВИИРЭ;Военный инженерный институт радиоэлектроники
ВИКУ;Военный инженерный космический университет
ВИРВ;Военный институт ракетных войск
ВИРХБЗ;Военный институт радиационной, химической и биологической защиты
ВИРЭ;Военный институт радиоэлектроники
ВИС;Военный институт связи
ВИТУ;Военный инженерно-технический университет
ВИУ;военно-инженерное управление
ВИФК;Военный институт физкультуры
ВК;Верховное Командование
ВКП(б);Всесоюзная коммунистическая партия (большевиков)
ВКПП;ветеринарный контрольно-пропускной пункт
ВЛКСМ;Всесоюзный ленинский коммунистический союз молодежи
ВМА;Военно-морская академия
ВМБ;военно-морская база
ВМИ;Военно-медицинский институт
ВМИИ;Военно-морской инженерный институт
ВМИРЭ;Военной-морской институт радиоэлектроники
ВМН;высшая мера наказания (обычно - расстрел)
ВМП;военно-морская пехота
ВМС;военно-морские силы
ВМФ;военно-морской флот
ВНОС;служба воздушного наблюдения, оповещения и связи
ВНУС;войска внутренней службы
ВО;военный круг
ВОВ;Великая Отечественная Война
ВОКС;Всесоюзное общество культурных связей (с заграницей)
ВОСО;военные сообщения
ВОХР;войска внутренней охраны Республики
ВПА;Военню-политическая академия им. В.И. Ленина
ВПК;военно-пожарная команда
ВПП;взлетно-посадочная полоса [609]
ВПР;временный перегрузочный район
ВПС;военно-полевое строительство
ВПУ;вспомогательный пункт управления
ВРИД;временно исполняющий должность
ВРИО;временно исполняющий обязанность
ВС;военный совет
ВСЛ;военно-санитарная летучка
ВСО;военно-строительный отряд
ВСП;военно-санитарный поезд
ВССВ;войска и силы Северо-востока
ВТ;военный трибунал
ВУ;военный университет
ВУВПВО;Военный университет войсковой ПВО
ВУЗ;военно-учебное заведение
ВУПВО;Военный университет ПВО
ВУРХБЗ;Военный университет радиационной химической и биологической защиты
ВУС;военно-учетная специальность
ВФ;Восточный фронт
ВФЭУ;Военный финансово-экономический университет
ВХУ;Военно-химическое управление
ВЦ;военная цензура
ВЦИК;Всероссийский Центральный Исполнительный Комитет
ВЦСПС;Всесоюзный центральный совет профессиональных союзов
ВЧ;высокочастотный телефон / передатчик
ВЧК;Всероссийская чрезвычайная комиссия
ВЧсвязь;высокочастотная связь
ВЭО;военно-эксплуатационное отделение
Воензаг;отдел военных заготовок
Военком;военный комиссар
Военрук;военный руководитель
Военспец;военный специалист
Вол...;волостной
Вол.;волость
Волисполком;волостной исполнительный комитет
Волком;волостной комитет
Волкомпарт;волостной комитет партии
Вохра;военизированная охрана
Врид;временно исполнящий дела
Всевобуч;всеобщее военное обучение
Всеработзем;Всероссийский производственный союз работников земли
Выездсессия;выездная сессия
ГА;группа армий
ГАБТУ;Гласное автобронетанковое управление
ГАВТУ;Главное автомобильное управление
ГАЗ;автомобиль Горьковского автозавода
ГАМС;Главная авиаметеорологическая станция
ГАРФ;Государственный архив Российской Федерации
ГАС;головной авиационный склад
ГАТО;Государственный архив Тамбовской области
ГАУ;Главное артиллерийское управление
ГБ;государственная безопасность
ГБТУ;Главное бронетанковое управление
ГБФ;госпитальная база фронта
ГВИУ;Главное военно-инженерное управление
ГВО;городской ветеринарный отдел
ГВСУ;Главное военно-санитарное управление
ГВФ;гражданский воздушный флот
ГВХУ;Главное военно-химическое управление
ГЖЧ;гарнизонная жилищная часть
ГИК;государственный испытательный космодром
ГИУ;Главное интендантское управление
ГИЦИУ_КС;Главный испытательный центр испытаний и управления космическими средствами
ГК;главное командование (главкомат)
ГКО;Государственный Комитет Обороны
ГЛИЦ;Государственный летно-испытательный центр
ГЛР;госпиталь для легкораненых
ГМЧ;гвардейские минометные части
ГОУ;губернский отдел управления
ГПУ;Главное политическое управление
ГРАУ;Главное ракетно-артиллерийское управление
ГРВЗ;группа российских войск в Закавказье
ГРУ;Главное разведывательное управление
ГС;головная станция
ГСМ;горюче-смазочные материалы
ГСОВГ;Группа советских оккупационных войск в Германии
ГУ_ВВР;Главное управление военно-восстановительных работ
ГУ_ВВС;Главное управление Военно-Воздушных сил
ГУ_ГВФ;Главное управление Гражданского воздушного флота
ГУ_ГМС;Главное управление гидрометеослужбы
ГУ_КАРТ;Главное управление командующего артиллерией
ГУ;Главное управление
ГУГК;Главное управление геодезии и картографии
ГУК;Главное управление кадров
ГУНАРТ;Главное управление начальника артиллерии
ГУОБР;Главное управление оборонительных работ
ГУПВИ;Главное управление по делам военнопленных и интернированных
ГУПВО;Главное управление противовоздушной обороны
ГУПС;Главное управление продовольственным снабжением
Главупродснаб;Главное управление продовольственного снабжения
ГУРТ;Главное управление ремонта танков
ГУС;Главное управление связи
ГУТ;Главное управления тыла
ГУФиУВ;Главное управление формирования и укомплектования войск
ГУШОСДОР;Главное управление шоссейных дорог
ГФП;(нем. GFP - Geheime Feldpolizei) - тайная полевая полиция (жандармерия)
ГЦМП;Государственный центральный морской полигон
ГЦП;Государственный центральный полигон
ГШ;генеральный штаб
Гарврач;гарнизонный врач
Гестапо;(нем. Gestapo - Geheime Staatspolizei) Тайная государственная полиция
Глав-ПУР;Главное политическое управление Красной Армии
Глав-ПУРККА;Главное политическое управление Рабоче-Крестьянской Красной Армии
ГлавПУ_РККА;Главное политическое управление Красной Армии
ГлавПУРККА;Главное политическое управление Рабоче-Крестьянской Красной Армии
Главвоенсанупр,;Главсанупр Главное военко-санитарное управление
Главвсезобуч;Главное управление всеобщего военного обучения
Главдорупр;Главное дорожное управление
Главкожа;Главное управление кожевенной промышленности
Главком;Главнокомандующий
Главлит;Главное управление по охране военных и государственных тайн в печати
Главсахар;Главное управление сахарной промышленности
Главупраформ;Главное управление формирования и укомплектования войск
ГосНИИ;государственный научно-исследовательский институт
Госиздат;государственное издательство
Госконтроль;государственный контроль
Губисполком;Губернский исполнительный комитет
Губком;губернский комитет
Губкомболь;губернский комитет большевистской партии - РКП(б)
Губкомдезертир;губернская комиссия по борьбе с дезертирством
Губкоммол;губернский комитет Российского Коммунистического Союза Молодежи
Гублеском;губернский лесной комитет
Губмоббюро;административно-мобилизационный отдел губернского военного комиссариата
Губпредком;губернский продовольственный комитет
Губпринудработ;подотдел принудительных работ губернского отдела управления
Губреквизотдел;губернский реквизиционный отдел
Губстатбюро;губернское статистическое бюро
Губчека;губернская чрезвычайная комиссия по борьбе с контрреволюцией и саботажем
ГЧК;губернская чрезвычайная комиссия по борьбе с контрреволюцией и саботажем
Гужповинность;гужевая повинность
Гушосдор;Главное управление шоссейных дорог
Д.;дело
ДА;дивизионная артиллерия
ДАГ;дивизионная артиллерийская группа
ДБ;дальний бомбардировщик
ДБА;дальняя бомбардировочная авиация
ДВФ;Дальневосточный фронт
ДД;дальнего действия
ДЗ;дымовая завеса
ДЗОТ;дерево-земляная огневая точка
дзот;дерево-земляная огневая точка
ДКР;дорожно-комендантская рота
ДКУ;дорожно-комендантский участок
ДНС;дом начальствующего состава
ДОП;дивизионный обменный пункт
ДОТ;долговременная огневая точка
дот;долговременная огневая точка
ДПК;дежурный помощник коменданта
ДПС;дорожно-постовая служба
ДСБ;дорожно-строительньш батальон
ДШК;крупнокалиберный пулемет (Дегтярев — Шпагин — Калашников)
ДЭБ;дорожно-зксплуатационный батальон
ДЭП;дорожно-эксплуатационный эвакопункт
ДальВО;Дальневосточный военный округ
Дезотряд;дезинфекционный отряд
ЗА;зенитная артиллерия
ЗАБ;зажигательная авиационная бомба
ЗАОН;зенитная артиллерия особого назначения
ЗКРС;военный комендант(комендатура) распорядительной станции
ЗНГШ;заместитель начальника Генерального штаба
ЗП;зенитный пулемет
ЗРВ;зенитно-ракетные войска
ЗРИПВО;Зенитно-ракетный институт ПВО
ЗабВО;Забайкальский военный округ
ЗабФ;Забайкальский фронт
Забфронт;Забайкальский фронт
Завотсовхоз;заведующий подотделом совхозов земельного отдела
ЗакВО;Закавказский военный округ
ЗакФ;Закавказский фронт
Закфронт;Закавказский фронт
ЗапОВО;Западный Особый военный округ
Запармия;Запасная армия
Запфронт;Западный фронт
Земотдел;земельный отдел
ИА;истребительная авиация
ИВДВ;Институт воздушно-десантных войск
ИККИ;Исполнительный комитет Коммунистического Интернационала
ИО;исполняющий обязанности
ИП;измерительный пункт
ИТЛ;исправительно-трудовой лагерь
ИТР;инженерно-технический работник
Интеркавбригада;интернациональная кавалерийская бригада
Инфчасть;информационная часть
КА;Красная Армия
КАТЩ;катер-тральщик
КБФ;Краснознаменный Балтийский флот
КВ;космические войска
КВО;Киевский военный округ
КДФ;Краснознаменная Днепровская флотилия [610]
КЛ;канонерская лодка
КМГ;конно-механизированная группа
КНС;командный и начальствующий состав
КОВО;Киевский Особый военный округ
КП;командный пункт
КПВО;корпус ПВО
КПП;контрольно-пропускной пункт
КРО;криминально-розыскной отдел
КРЦ;командно-разведывательный центр
КТР;катер-тральщик
КУКС;Курсы усовершенствования командного состава
КУОС;курсы усовершенствования офицерского состава
КФ;Каспийская флотилия
КЭО;квартирно-эксплуатационный отдел
КЭЧ;квартнрно-эксплуатационная часть
КаУР;Карельский укреплённый район
Кав...;кавалерийский
Каррота;(батальон) караульная рота (батальон)
Кол.;(нем.) поселок
Контрхозком;контрольно-хозяйственная комиссия
ЛАНО;Ленинградская армия народного ополчения
ЛБТКУКС;Ленинградские бронетанковые курсы усовершенствования командного состава
ЛВО;Ленинградский военный округ
ЛИС;летно-испытательная огужба
ЛОН;лечебница общего назначения (ветеринарная)
ЛФ;Ленинградский фронт
ЛенВО;Ленинградский военный округ
Лыжрота;лыжная рота
М.;(в названии) Малый
МБР;морской ближний разведчик
МВО;Московский военный округ
МГУ;мощная громкоговорящая установка
МЗА;малокалиберная зенитная артиллерия
МЗО;Московская зона обороны
МЗП;минное заградительное поле
МК;морской корпус
МНРА;Монгольская Народно-революционная армия
МО;морской охотник
МОР;морской оборонительный район
МП;мобилизационный план
МПВО;местная противовоздушная оборона
МТО;материально-техническое обеспечение
МТС;машинно-тракторная станция
МТФ;молочно-товарная ферма
МЭП;медицинский эвакуационный пункт
Н.;(в названии) Нижний, Новый
НАД;начальник артиллерии дивизии
НБА;ночная бомбардировочная авиация
НГШ;начальник Генерального штаба
НИБТП;Научно-исследовательский бронетанковый полигон
НИИ;научно-исследовательский институт
НИИИ_AT;Научно-исследовательский и испытательный институт автомобильной техники
НИИИ_АТ;Научно-исследовательский и испытательный институт автомобильной техники
НИИИ_БТВТ;Научно-исследовательский и испытательный институт бронетанкового вооружения и техники
НИИС;Научно-исследовательский институт связи
НКАП;Народный комиссариат авиационной промышленности
НКВ;Народный комиссариат вооружения
НКВД;Народный комиссариат внутренних дел
НКВМФ;Народный комиссариат Военно-морского Флота
НКГБ;Народный комиссариат государственной безопасности
НКЗ;Народный комиссариат земледелия
Наркомздрав;Народный комиссариат здравоохранения
НКИД;народный комиссариат иностранных дел
НКО;народный комиссариат обороны
НКПС;Народный комиссариат путей сообщения
НКРФ;Народный комиссариат речного флота
НКС;Народный комиссариат (комиссар) связи
НКсвязи;Народный комиссариат связи
НКСГ;Национальный комитет «Свободная Германия»
НКТ;Народный комиссариат торговли
НКТП;Народный комиссариат танковой промышленности
НКФ;Народный комиссариат финансов
НКЭП;Народный комиссариат (комиссар) электропромышленности
НКЮ;Народный комиссариат юстиции
НО;народное ополчение, начальник отдела
НП;наблюдательный пункт
НПП;непосредственная поддержка пехоты
НСДАП;Национал-социалистическая Рабочая партия Германии
НШ;начальник штаба
Нарбанк;Народный банк
Наркомвнудел;Народный комиссариат внутренних дел
Наркомзем;Народный комиссариат земледелия
Наркомпрод;Народный комиссариат продовольствия
Компрод;Народный комиссариат продовольствия
Наркомтруд;Народный комиссариат труда
Наркомюст;Народный комиссариат юстиции
Начособотделарм;начальник особого отдела армии
Начпогуб;начальник губернского политического отдела
Начподив;начальник политического отдела дивизии
Начсекропотдел;начальник секретно-оперативного отдела
Начфинчасти;начальник финансовой части
Наштавойск;начальник штаба войск
Наштаревсовет;начальник штаба Революционного военного совета Республики
наштаревсовресп;начальник штаба Революционного военного совета Республики
наштаресп;начальник штаба Революционного военного совета Республики
О/уполном.;особый уполномоченный
ОА_РКО;отдельная армия ракетно-космической обороны
ОА;отдельная армия
ОАС;основная армейская станция
ОВ;отравляющие вещества
ОВА;общевойсковая академия
ОВК;областной военный комиссариат (комиссар)
ОВО;особый военный округ
ОВС;обозно-вещевая служба
ОГ;оперативная группа
ОГПУ;Объединенное государственное политическое управление
ОГРВП;оперативная группа российских войск в Приднестровье
ОГУ;облегченная громкоговорящая установка
ОД;оперативный дежурный
ОДТЧК;Отдел транспортной чрезвычайной комиссии по борьбе с контрреволюцией и саботажем
ОДЭБ;отдельный дорожно-эксшгуатационный батальон
ОЗС;облегченная звуковещательная станция
ОИУ;окружное интендантское управление
ОИЦ;отдельный измерительный центр
ОК;отдел кадров
ОКАРТУ;окружное артиллерийское управление
ОКВ;(нем. O.K.W. - Oberkommando der Wehrmacht) Верховное командование вермахта
ОКДВА;Отдельная Краснознаменная Дальневосточная армия
ОКИК;отдельный командно-измерительный комплекс
ОКХ;(нем. O.K.H. - Oberkommando des Heeres) Верховное командование сухопотных войск
ОМ;особой мощности
ОНИС;отдельная научно-испытательная станция
ОО;особый отдел
ООН;Организация Объединенных Наций
ОП;опорный пункт
ОПС;отделение почтовой связи
ОРВБ;отдельный ремонтно-восстановительный батальон
ОРПК;особый резерв паровозных колонн
ОРС;отдел рабочего снабжения
ОСАА;Среднеазиатская отдельная армия
ОСГ;отдел снабжения горючим
ОСК;отдельный стрелковый корпус
ОТ;огневая точка
ОУКИК;отдельный учебный командно-измерительный комплекс
ОдВО;Одесский военный округ
Окр.;окружной
Оп.;опись
Оперупр;оперативный отдел штаба армии, оперативное управление
ОрВО;Орловский военный округ
ОсН;особого назначения
Осоавиахим;Общество содействия обороне, авиационному и химическому строительству
Особотдел;особый отдел
ПА;польская армия
ПААС;полевой армейский артиллерийский склад
ПАБ;полевая армейская база
ПАМ;подвижная артиллерийская мастерская (железнодорожная)
ПАП;перегоночный авиационный полк
ПАРМ;подвижная авиационная ремонтная мастерская (автомобильного типа)
ПАХ;полевой автохлебозавод
ПВО_ТС;противовоздушная оборона территории страны
ПВО;противовоздушная оборона
ПВХО;противовоздушная и противохимическая оборона
ПГ;подвижная группа
ПЛ;подводная лодка
ПМП;полковой медпункт
ПНП;передовой наблюдательный пункт
ПНШ;помощник начальника штаба
ПО;передовой отряд
ПОАРМ;политический отдел армии
ПОЗ;подвижные отряды заграждений
ПП;противопехотный
ППГ;полевой подвижной госпиталь
ППС;полевая почтовая станция
ППШ;пистолет-пулемет Шпагина
ПРБ;подвижная ремонтная база
ПСО;последовательное сосредоточение огня
ПСР;партия социалистов-революционеров
ПТ;противотанковый
ПТА;противотанковая артиллерия
ПТАРЗ;подвижный танко-агрегатный ремонтный завод
ПТО;противотанковая оборона (орудие)
ПТР;противотанковое ружье
ПТРЗ;подвижный танко-ремонтный завод
ПУ;пункт управления
ПУАЗО;прибор управления артиллерийским зенитным огнем
ПУР;Политическое управление при Реввоенсовете Республики
ПУрВО;Приволжско-Уральский военный округ
ПФС;продовольственно-фуражная служба
ПХЗ;противохимическая защита
ПХО;противохимическая оборона
ПХП;полевая хлебопекарня
Пехкурсы;пехотные курсы
Поарм;политический отдел армии по борьбе с бандитизмом в Тамбовской губернии
Побуч;политическое управление боевого участка
Политком;политический комиссар
Политпросвет;политико-просветительный отдел
Полком;Полномоченная комиссия ВЦИК
Посевком;посевной комитет
Потребгубсоюз;губернский союз потребительских обществ
Предвыездгубчека;председатель выездной сессии губчека
Предполком;председатель Полномоченной комиссии ВЦИК
ПриВО;Приволжский военный округ
ПрибВО;Прибалтийский военный округ
ПрибОВО;Прибалтийский особый военный округ
Прод...;продовольственный
ПсБ;психологическая борьба
ПсО;психологические операции
Пуокр;Политическое управление военного округа
РА;ракетная армия
РАБ;район авиационного базирования
РАГ;резервная авиационная группа
РВ;ракетные войска
РВГК;резерв Верховного Главнокомандования
РВК;российский воинский контингент
РВСН;ракетные войска стратегического назначения
РВСР;Революционный военный совет Республики
РВТР;Революционный военный трибунал Республики
Реввоентрибунал;Революционный военный трибунал Республики
РГК;резерв Главного командования
РГНИИЦПК;Российский государственный научно-исследовательский испытательный центр подготовки космонавтов
РИК;районный исполнительный комитет
РК;районный комитет
РККА;Рабоче-Крестьянская Красная Армия
РКП(б);Российская Коммунистическая партия (большевиков)
РКП;Рабоче-крестьянское правительство
РО;разведывательный отдел
РОА;Русская освободительная армия
РОМ;районный отдел милиции
РОП;ротный опорный пункт
РОСТА;Российское телеграфное агентство
РОТ;ранцевый огнемет
РС;реактивный снаряд
РСФСР;Российская Советская Федеративная Социалистическая Республика
РТВ;радиотехнические войска
РТО;район технического обслуживания
РФ;Российская Федерация
РЦХИДНИ;Российский Центр хранения и изучения документации истории (новейшей)
РЭП;распределительный эвакопункт
Рабинспекция;рабочая инспекция
Райкомпарт;районный комитет партии
Рау-спирт;районное управление Главного управления государственной спиртовой промышленности
РезФ;Резервный фронт
Реквизотряд;реквизиционный отряд
СА;Советская Армия
САБ;светящая авиационная бомба
САВО;Среднеазиатский военный округ
САМ;стационарная авиационная мастерская
САУ;самоходная артиллерийская установка
СБ;стратегические бомбардировщики
СВ;сухопутные войска
СВАГ;Советская военная администрация в Германии
СВГК;Ставка Верховного Главнокомандования
СВР;служба внешней разведки
СГА;Северная группа армий
СГВ;Северная группа войск
СД;(нем.) служба безопасности
СЗФ;Северо-Западный фронт
СК-5;завод синтетического каучука N 5
СКА;управление связи Красной Армии
СКВО;Северо-Кавказский военный округ
СКФ;Северо-Кавказский фронт
СМЕРШ,;«Смерш» военная контрразведка
СНИС;служба наблюдения и связи
СНК;Совет народных комиссаров
Совнарком;Совет Народных Комиссаров
СНХ;Совет народного хозяйства
совнархоз;Совет народного хозяйства
СОБР;сводный отряд быстрого реагирования
СОВЧК;Секретный отдел ВЧК
СОО;секретный особый отдел
СО;секретный отдел
СОР;Севастопольский оборонительный район
СОТ;скрывающаяся огневая точка
СОЧ;секретно-оперативная часть губернского отдела ГПУ
СП;Свод постановлений
СПАМ;сборный пункт аварийных машин
СПУ;НКВД секретно-политическое управление НКВД
СС;станция снабжения
СССР;Союз Советских Социалистических Республик
СТК;Союз трудового крестьянства
СУ;самоходная установка
СФ;Северный флот
СЭГ;сортировочный эвакогоспиталь
Сельком;сельский комитет
СибВО;Сибирский военный округ
Совдеп;Совет депутатов
Совобороны;Совет обороны
Соворганы;органы Советской власти
Сокотакра;Союз кооперативов Тамбовского края
СпН;специального назначения
СтВО;Сталинградский военный округ
Стр.;стрелковый
ТА;танковая армия
ТАОН;тяжелая артиллерия особого назначения
ТАСС;Телеграфное агентство Советского Союза
ТБ;тяжелый бомбардировщик
ТВД;театр военных действий
ТВЛ;ветлазарет для трофейных лошадей
ТИ;танковый институт
ТИИ;танковый инженерный институт
ТКА;торпедный катер
ТО;НКВД транспортный отдел НКВД
ТОВМИ;Тихоокеанский военно-морской институт
ТОДТ;(нем.) военизированная строительная организация
ТОС;техника особой секретности
ТОФ;Тихоокеанский флот
ТР;транспорт (морской)
ТРАОН;траншейная артиллерия особого назначения
ТУ;НКВД транспортное управление НКВД
ТЩ;тральщик
УПС;управление (начальника) военно-полевого строительства
Упродснаб;управление продовольственного снабжения
УА;ударная армия
уд._А;ударная армия
УАДС;Управление автотранспортной и дорожной службы
УАС;Управление аэродромного строительства
УБТСиР;Управление бронетанкового снабжения и ремонта
УВВР;Управление военно-восстановительных работ
УВВС;Управление Военно-воздушных сил
УВПС;управление (начальника) военно-полевого строительства
УНС;управление (начальника) военно-полевого строительства
УВРС;Управление военно-строительных работ
УВУЗ;Управление военно-учебных заведений
УГМР;управление государственных (материальных) резервов
УГР;управление государственных (материальных) резервов
УЗПСВ;Управление заказов и производства стрелкового вооружения
УЗТМ;Уральский завод тяжелого машиностроения
УИС;Управление интендантской службы
УК;Уголовный кодекс
УКА;Управление командующего артиллерией
УКАРТ;управление командира артиллерией
УКМК;Управление коменданта Московского Кремля
УНКВД_МО;Управление НКВД по г. Москве и Московской области
УНКВД;управление НКВД
УОО;НКВД СССР Управление особых отделов НКВД СССР
УОС;управление оборонительного строительства
УПВОСО;Управление военных сообщений
УПК;Уголовно-процессуальный кодекс
УР;укрепленный район
УС;узел связи
УСБ;Управление снабжения боеприпасами
УСГ;управление снабжением горючим
УССР;Украинская Советская Социалистическая Республика
УТ;Управление тыла
УТЧК;управление транспортной ЧК, уездная ЧК
УФ;Украинский фронт уч. — учебный (ая)
УФПС;узел фельдъегерской почтовой связи
УФСК;Тамбовской области Управление Федеральной службы контрразведки по Тамбовской области
Уездкомдезертир;уездная комиссия по борьбе с дезертирством
Уздравотдел;уездный отдел здравоохранения
Уземотдел;уездный замельный отдел
Узком;уездный комиссар Временного правительства
Укомпарт;уездный комитет партии
Уполитком;участковая политическая комиссия
уполком;участковая политическая комиссия
Управдел;управляющий делами
Упрофбюро;уездное бюро профсоюзов
УралВО;Уральский военный округ
УрВО;Уральский военный округ
Учкомдез;участковая комиссия по борьбе с дезертирством
ФАБ;фугасная авиационная бомба
ФАС;фронтовой авиационный склад
ФВАД;фронтовая военно-автомобильная дорога
ФВЛ;фронтовой ветлазарет
ФО;финансовый отдел
ФОГ;фугасный огнемет
ФОТАБ;фотографическая авиационная бомба
ФПАС;фронтовой полевой артиллерийский склад
ФРС;фронтовая распорядительная станция
ФУ;финансовое управление
ХВО;Харьковский военный округ
ХЗ;химическая защита
ХППГ;хирургический полевой подвижный госпиталь
ЦА_ФСК;Центральный архив Федеральной службы контрразведки
ЦАМО_РФ;Центральный архив Министерства обороны Российской Федерации
ЦБ_МПСР;Центральное бюро меньшинства ПСР
ЦВУ;Центральное военное управление
ЦГА;Центральная группа армий
ЦГВ;Центральная группа войск
ЦДКА;Центральный дом Красной Армии
ЦДС;Центральная диспетчерская служба
ЦИК;Центральный Исполнительный Комитет
ЦК;центральный комитет
ЦКПУКГ;центральный командный пункт управления космической группировкой
ЦНИИ;центральный научно-исследовательский институт
ЦНИИИ;центральный научно-исследовательский испытательный институт
ЦНИИИС;Центральный научно-исследовательский испытательный институт связи
ЦП;центральный полигон
ЦРС;центральная распределительная станция
ЦУ;Центральное управление
ЦУПВОСО;Центральное управление военных сообщений
ЦФ;Центральный фронт
ЦФТИ;Центральный физико-технический институт
ЦЧО;Центрально-черноземная область
Центролес;Центральный комитет профсоюза рабочих лесной промышленности
Центротекстиль;Центральный комитет профсоюза ребочих текстильной промышленности
ЧВС;член Военного совета
ЧФ;Черноморский флот
Чрезвычайком;чрезвычайная комиссия
Чусснабарм;Чрезвычайный уполномоченный Совета Труда и Обороны по снабжению армии и флота
Чусо;Чрезвычайный уполномоченный Совета Труда и Обороны по снабжению армии и флота
ШОРСАМ;шорно-седельная автомастерская
ШТАРМ;штаб армии
Шкраб;школьный работник
Штадив;штаб дивизии
Штарм;штаб армии
ЭВЛ;эвакуационный ветлазарет
ЭОН;экспедиция особого назначения
ЭПРОН;экспедиция подводных работ особого назначения
Эвакопункт;эвакуационный пункт
ЮГ_В;Южная группа войск
ЮЗН;Юго-Западное направление
ЮЗФ;Юго-Западный фронт
ЮФ;Южный фронт
ЮжУрВО;Южно-Уральский военный округ
Южфронт;Южный фронт
а/с;антисоветский
аб;авиабаза
абб;артиллерийская база боеприпасов
абв;артиллерийская база вооружения
абр;артиллерийская бригада
ав.;авиационный
авиагруппа;особая ввс особая авиационная группа военно-воздушных сил
авиадивизия;авиационная дивизия
авиакорпус;авиационный корпус
авиаполк;авиационный полк
авиация;дальнего действия авиация дальнего действия
авиаэскадрилья;чешская авиационная эскадрилья чешская
автбз;автобаза
автбр;автомобильная бригада
автополк;автомобильный полк
аг.;агентурный
аг;авиагруппа
ад;артиллерийская дивизия
адбр;авиадесантная бригада
адд;авиадесантная дивизия
аддд;авиационная дивизия дальнего действия
адм.;административный
адмотдел;административный отдел
адн;артиллерийский дивизион
адон;авиадивизия особого назначения
адп;артиллерийская дивизия прорыва
азп;артиллерийский зенитный полк
азсп;армейский запасный стрелковый полк
ак;армейский (авиационный) корпус
акп;артиллерийский корпус прорыва
алгсд;альпийская горнострелковая дивизия
ам.,;амер., америк. американский (ая, ое)
амп;армейский минометный полк
ап_ПТО;артиллерийский полк противотанковой обороны
ап;артиллерийский полк
апап;армейский пушечный артиллерийский полк
апд;артиллерийский парковый дивизион
апдр;авиационный полк дальней разведки
араэ;армейская разведывательная авиационная эскадрилья
арвб;армейский ремонтно-восстановительный батальон
арз;авиаремонтный завод
арм.;армейский
арс;арсенал
арсВМФ;арсенал ВМФ
арсГРАУ;арсенал ГРАУ
арсРВСН;арсенал РВСН
арсХО;арсенал химического оружия
арт._БМ;артиллерия большой мощности
арт._ОМ;артиллерия особой мощности артгруппа — артиллерийская группа артиллерия ДД — артиллерия дальнего действия
арт.;артиллерия, артиллерийский артбригада — артиллерийская бригада
арт.дивизия;артиллерийская дивизия
арт.корпус;артиллерийский корпус
артиллерия;ПП артиллерия поддержки пехоты
артполк;артиллерийский полк
ас;артиллерийский склад
асо;аварийно-спасательный отряд
атб;автотранспортный батальон
атр;автотранспортная рота
аэ;авиационная эскадрилья
б-н;батальон
б.;бывший
б/готовые;боеготовые
б/к;боекомплект
б/п;беспартийный
б/у;бывший в употреблении
б/ш;бикфордов шнур
б;батальон
бад;бомбардировочная авиационная дивизия
бак;бомбардировочный авиационный корпус
бао;батальон аэродромного обслуживания
бап;бомбардировочный авиационный полк
бат.;батарея, батальон
ббап;ближнебомбардировочный авиационный полк
бв;база вооружения
белы.;"бельгийский; бельгиец"
бзр;батарея звуковой разведки
биз;батальон инженерных заграждений
бк;боевой комплект
бмп;бригада морской пехоты
бомбардировочная;авиадивизия бомбардировочная авиационная дивизия
бомбардировочный;авиаполк бомбардировочный авиационный полк
бор;батарея оптической разведки
бп;боеприпас
бпл;бригада подводных лодок
бр_ПВО;бригада противовоздушной обороны
бр_р-н_ПВО;бригадный район противовоздушной обороны
бр._МП;бригада морской пехоты
бр._мор._пехоты;бригада морской пехоты
бр._РК;бригада речных кораблей
бр.;бригада
бр;бригада
брПВО;бригада ПВО
брат;база резерва авиационной техники
брдк;бригада десантных кораблей
бригада;шт. штук
брковр;бригада кораблей охраны водного района
брмп;бригада морской пехоты
брнк;бригада надводных кораблей
бро;батальон ранцевых огнеметов
брпл;бригада подводных лодок
брплк;бригада противолодочных кораблей
брремк;бригада ремонтируемых кораблей
бррзк;бригада разведывательных кораблей
бррка;бригада ракетных катеров
брсо;бригада судов обеспечения
брсремк;бригада строящихся и ремонтируемых кораблей
брсремпл;бригада строящихся и ремонтируемых подводных лодок
брсс;бригада спасательных судов
бртщ;бригада тральщиков
бруремк;бригада учебных и ремонтируемых кораблей
брхв;база ремонта и хранения вооружения
бсхзрв;база снабжения и хранения зенитно-ракетного вооружения
бтн;батальон
бтрз;бронетанковый ремонтный завод
бхаб;база хранения авиационных боеприпасов
бхб;база хранения боеприпасов
бхвт;база хранения вооружения и техники
бхрбпла;база хранения и ремонта беспилотных летательных аппаратов
бхрт;база хранения ракетной техники
бхтс;база хранения техники связи
бхуат;база хранения и утилизации авиационной техники
бхэ;база хранения экранопланов
быв.;бывший
бэ;бомбардировочная эскадрилья
в/пленный;военнопленный
в/ч;воинская часть
варем;войсковая авторемонтная мастерская
варз;военный авторемонтный завод
ввс;военно-воздушные силы
вдб;воздушно-десантный батальон
вдбр;воздушно-десантная бригада
вдд;воздушно-десантная дивизия
вдк;воздушно-десантный корпус
венгр.;венгерский (ая, ое)
вкл.;включительно
вмб;военно-морская база
вмг;военно-морской госпиталь
вмкг;военно-морской клинический госпиталь
воб;вычислительное отделение батареи
вод;вычислительное отделение дивизиона
вост.;восточный (ая, ое, ее)
всок;высшие офицерские классы
втад;военно-транспортная авиадивизия
втап;военно-транспортный авиаполк
вцок;Высшие центральные офицерские курсы
выс.;высота
габр;гаубичная артиллерийская бригада
гап;гаубичный артиллерийский полк
гау;(нем.) область
гауб.;гаубичный (ая)
гаубичный;артполк гаубичный артиллерийский полк
гбр;группа ближних разведчиков
гв.;гвардейский
гв.авиадивизия_дд;гвардейская авиационная дивизия дальнего действия
гв.авиакорпус_дд;гвардейский авиационный корпус дальнего действия
гв.армия;гвардейская армия
гв.арт.дивизия;тяжелая пушечная гвардейская тяжелая пушечная артиллерийская дивизия
гв.бригада;минеров гвардейская бригада минеров
гв.вдбр;гвардейская воздушно-десантная бригада
гв.вдд;гвардейская воздушно-десантная дивизия
гв.вдп;гвардейский воздушно-десантный полк
гв.гсд;гвардейская горно-стрелковая дивизия
гв.гсп;гвардейский горно-стрелковый полк
гв.зенад_пво;гвардейская зенитно-артиллерийская дивизия противовоздушной обороны
гв.зенад_ргк;гвардейская зенитно-артиллерийская дивизия резерва главного командования
гв.ибрсн;гвардейская инженерная бригада спецназначения
гв.исбр;гвардейская инженерно-саперная бригада
гв.кд;гвардейская кавалерийская дивизия
гв.кк;гвардейский кавалерийский корпус
гв.крейсер;гвардейский крейсер
гв.лсдно;гвардейская ленинградская дивизия народного ополчения
гв.мехк;гвардейский механизированный корпус
гв.мотоибр;гвардейская мотоинженерная бригада
гв.мсбр;гвардейская мотострелковая бригада
гв.мсд;гвардейская мотострелковая дивизия
гв.мсп;гвардейский мотострелковый полк
гв.мшисбр;гвардейская моторизованная штурмовая инженерно-саперная бригада
гв.оморсбр;гвардейская отдельная морская стрелковая бригада
гв.осбр;гвардейская отдельная стрелковая бригада
гв.сд;гвардейская стрелковая дивизия
гв.ск;гвардейский стрелковый корпус
гв.смешанная;авиадивизия гвардейская смешанная авиационная дивизия
гв.смешанный;авиакорпус гвардейский смешанный авиационный корпус
гв.сп;гвардейский стрелковый полк
гв.танковая;бригада гвардейская танковая бригада
гв.тк;гвардейский танковый корпус
гв.транспортная;авиадивизия гвардейская транспортная авиационная дивизия
гв.ур;гвардейский укрепленный район
гв.шисбр;гвардейская штурмовая инженерно-саперная бригада
гв.штурмовая;авиадивизия гвардейская штурмовая авиационная дивизия
гв.штурмовой;авиаполк гвардейский штурмовой авиационный полк
гвкг;главный военный клинический госпиталь
гиад;гвардейская истребительная авиационная дивизия
гиак;гвардейский истребительный авиационный корпус
гисбр;горная инженерно-саперная бригада
гкд;горнокавалерийская дивизия
гл.;главный
гмд;гвардейский минометный дивизион
гминбр;горная минно-инженерная бригада
гмп;гвардейский минометный полк
гнр;группа ночных разведчиков
гоап;гвардейский отдельный авиационный полк
гол.;склад головной склад
гол.,;голл. голландский (ая, ое)
гпсд;горно-пехотная стрелковая дивизия
гр;группа
грПсО;группа психологических операций
гренад.;гренадерский
гсбр;горнострелковая бригада
гсд;горнострелковая дивизия
гск;горно-стрелковый корпус
гсмд;гвардейская мотострелковая дивизия
гсп;горнострелковый полк
д-н;брп дивизион бронепоездов
д/ш;детонирующий шнур
д;дивизия
дПВО;дивизия ПВО
дабр;дивизионная артиллерийская бригада
дарм;дивизионная артиллерийская ремонтная мастерская
дбад;дальне-бомбардировочная авиационная дивизия
дбп;дальнебомбардировочный полк
двл;дивизионный ветеринарный лазарет
двф;дальневосточный фронт
дд;дальнего действия
див._ПВО;дивизия противовоздушной обороны
див._р-н_ПВО;дивизионный район противовоздушной обороны
див.;дивизия
дивизия;пво дивизия противовоздушной обороны
дккп;дивизия контроля космического пространства
дктр;дивизион катеров-тральщиков
дмп;дивизия морской пехоты
дн;дивизион
днк;дивизия надводных кораблей
днквп;дивизион кораблей на воздушной подушке
днковр;дивизион кораблей охраны водного района
дно;дивизия народного ополчения
днрка;дивизион ракетных катеров
днтщ;дивизион тральщиков
дон;дивизия особого назначения
дпл;дивизия подводных лодок
дплк;дивизия противолодочных кораблей
дпрн;дивизия предупреждения о ракетном нападении
дпро;дивизия противоракетной обороны
драп;дальне-разведывательный авиационный полк
дрк;дивизия ракетных кораблей
дрпксн;дивизия ракетных подводных крейсеров стратегического назначения
дрс;дивизион разведывательной службы
дрэ;дивизион разведывательной эскадрильи
дшп;десантно-штурмовой полк
дэб;дорожно-эксплуатационный батальон
дэп;дорожно-эксплуатационный полк
ж.д.;железная дорога
жбот;железобетонная огневая точка
жд;железнодорожный
зам;заместитель
зап,;зенап зенитный артиллерийский полк
зап.;запасный — (ая)
зап.бригада;химзащиты запасная бригада химзащиты
зап.исбр;запасная инженерно-саперная бригада
зап.полк;запасной полк
зап;зенитный артиллерийский полк
запп;запасный полк
зато;завод авиатехнологического оборудования
зен.;зенитный
зенад_мза;зенитно-артиллерийская дивизия мелкокалиберной зенитной артиллерии
зенад_пво;зенитно-артиллерийская дивизия противовоздушной обороны
зенад_ргк;зенитно-артиллерийская дивизия резерва главного командования
зенад;зенитная артиллерийская дивизия
зенадн;зенитный артиллерийский дивизион
зенап;зенитный артиллерийский полк
зенбатр;зенитная артиллерийская батарея
зенпулр;зенитная пулеметная рота
зкп;запасный командный пункт
злп;запасный лыжный полк
зобс;запасной отдельный батальон связи
зоиптд;запасной отдельный истребительно-противотанковый дивизион
зорс;запасная отдельная рота связи
зпд;запасная пехотная дивизия
зппв;зенитно-пулеметно-пушечный взвод
зрав;завод по ремонту ракетно-артиллерийского вооружения
зрвти;завод по ремонту военно-технического имущества
зрп;зенитно-ракетный полк
зрр;запасная разведывательная рота
зсапр;запасная саперная рота
зсб;запасный стрелковый батальон
зсбр;запасная стрелковая бригада
зсд;запасная стрелковая дивизия
зсп;запасный стрелковый полк
зср;запасня стрелковая рота
и._о.;исполняющий обязанности
и/с;интендантская служба
иабр;истребительная авиационная бригада
иад;истребительная авиационная дивизия
иак;истребительный авиационный корпус
иап;истребительный авиационный полк
иаэ;истребительная авиационная эскадрилья
ибр;истребительная бригада
ибрсн;инженерная бригада спецназначения
ивтап;инструкторский военно-транспортный авиаполк
ид;истребительная дивизия
иисап;исследовательско-инструкторский смешанный авиаполк
им.;имени
иминбр;инженерно-минная бригада
инж.;инженерный
инжб;ишженерный батальон
инжбат;инженерный батальон
инжбр;инженерная бригада
ип;истребительный полк, инженерный полк
иптабр;истребительно-противотанковая артиллерийская бригада
иптап;истребительный противотанковый артиллерийский полк
иптд;истребительно-противотанковый артиллерийский дивизион
ис;инженерный склад
исапб;инженерно-саперный батальон
исб;инженерно-саперный батальон
исапбр;инженерно-саперная бригада
исбр;инженерно-саперная бригада
иск.;исключительно
истр.;истребительный
итл;исправительно-трудовой лагерь
иц;испытательный центр
к-з;колхоз (коллективное хозяйство)
к-р;командир
к/р;контрреволюционный
кабр;корпусная артиллерийская бригада
кав.;кавалерийский (ая)
кан.;канадский (ая, ое)
кап;корпусной артиллерийский полк
каэ;корректировочная авиационная эскадрилья
кбр;кавалерийская бригада
кбф;краснознаменный балтийский флот
квл;корпусной ветеринарный лазарет
кг;килограмм
кд;кавалерийская дивизия
кдц;комплексный диагностический центр
кк;кавалерийский корпус
кн.;кандидат
ком.;командир
командарм;командующий армией
комэск;командир эскадрильи
коо;комендатура охраны и обеспечения
корп.;корпусная
кп;кавалерийский полк
кр-ц;красноармеец
крейсер;крейсер
ксп;командир стрелкового полка
кшр;кабельно-шестовая рота
кэск;кавалерийский эскадрон
л-т;лейтенант
л/с;личный состав
лабр;легкая артиллерийская бригада
лап;легкий артиллерийский полк
лб;лыжный батальон
лбабр;легкая бомбардировочная авиабригада
лбад;легкая бомбардировочная авиадивизия
лбап;легкий бомбардировочный авиационный полк
лбс;линейный батальон связи
лгск;легкий горнострелковый корпус
лдц;лечебно-диагностический центр
легкий_гск;легкий горно-стрелковый корпус
легкий_ск;легкий стрелковый корпус
лед;лыжно-егерская дивизия
леп;лыжно-егерский полк
либ;легко-инженерный батальон
линкор;линкор
лпд;легкая пехотная дивизия
лсап;легкий самоходный полк
лсбр;легкострелковая бригада
лсдно;ленинградская стрелковая дивизия народного ополчения
лск;легкий стрелковый корпус
лыжб;лыжный батальон
м.;местечко (населенный пункт)
м/к;малокалиберный
м/с;медицинская служба
мап;минометный артиллерийский полк
мббр;мотобронебригада
мбр;моторизованная бригада
мд;моторизованная дивизия
медсанбат;медико-санитарный батальон
медсанр;медико-санитарная рота
мехбр;механизированная бригада
мехк;механизированный корпус
миб;моторизованный инженерный батальон
мибр;моторизованная инженерная бригада
мин.;минометный (ая)
минб;минометный батальон
минбр;минометная бригада
минд;минометный дивизион
минполк;минометный полк
мп;моторизованный полк
минп;минометный полк
мк;механизированный корпус
мкцссв;методико-кинологический центр служебного собаководства
мл.;младший
мм;миллиметр
мор.,;морск. морской
морсбр;морская бригада
морской;развед.авиаполк морской разведывательный авиационный полк
мосн;медицинский отряд специального назначения
мотоибр;мотоинженерная бригада
мпмб;моторизованный понтонно-мостовой батальон
мпмбр;моторизованная понтонно-мостовая бригада
мрад;морская ракетоносная авиадивизия
мрап;морской ракетоносный авиаполк
мруцбпрва;межвидовой региональный учебный центр боевой подготовки ракетных войск и артиллерии
мруцврхбз;межвидовой региональный учебный центр войск радиационной, химической и биологической защиты
мруцвс;межвидовой региональный учебный центр войск связи
мсб;минно-саперный батальон
мсбр;мотострелковая бригада
мсд;мотострелковая дивизия
мсдно;московская стрелковая дивизия народного ополчения
мсп;мотострелковый полк
муцвс;межрегиональный учебный центр войск связи
муцив;межрегиональный учебный центр инженерных войск
мцп;мотоциклетный полк
мшисбр;моторизованная штурмовая инженерно-саперная бригада
н/н;неустановленной нумерации
над;ночная авиационная дивизия
нарком;народный комиссар [611]
нац._ком.;национальный комитет
нац.-соц.;национал-социалистический
нач.;начальник
начштадив;начальник штаба дивизии
нбад;ночная бомбардировочная авиационная дивизия
нгд;народная гренадерская дивизия
нем.;немецкий
нкпс;народный комиссариат путей сообщения
нр;номер
о;отряд
оаад;отдельный армейский артиллерийский дивизион
оабрбм;отдельная артиллерийская бригада большой мощности
оад_о/м;отдельный артиллерийский дивизион особой мощности
оад;отдельный артиллерийский дивизион
оадн;отдельный артиллерийский дивизион
оамб;отдельный автомобильный батальон
оапсз;отдельный авиаполк самолетов-заправщиков
оатб;отдельный автотранспортный батальон
обв;отдельный батальон выздоравливающих
обвп;отдельный боевой вертолетный полк
обмо;отдельный батальон материального обеспечения
обмп;отдельный батальон морской пехоты
обоо;отдельный батальон охраны и обеспечения
обпдбСпН;отдельный батальон противодиверсионной борьбы специального назначения
обр.;образец
обрСпН;отдельная бригада специального назначения
обрдн;отдельный береговой ракетный дивизион
обрмп;отдельная бригада морской пехоты
обрп;отдельный береговой ракетный полк
обррхбз;отдельная бригада радиационной, химической и биологической защиты
обрс;отдельная бригада связи
обрхбз;отдельный батальон радиационной, химической и биологической защиты
обрэб;отдельный батальон радиоэлектронной борьбы
обс;отдельный батальон связи
обтр;отдельная бронетанковая рота
обука;отряд буксирных катеров
обхз;отдельный батальон химической защиты
овб;отдельный восстановительный батальон
овдбр;отдельная воздушно-десантная бригада
овкг;окружной военный клинический госпиталь
овп;отдельный вертолетный полк
овпбу;отдельный вертолетный полк боевого управления
овтаэ;отдельная военно-транспортная авиаэскадрилья
овэ;отдельная вертолетная эскадрилья
овэрэб;отдельная вертолетная эскадрилья радиоэлектронной борьбы
огвзв;огнеметный взвод
огн.,;огнеметн. огнеметный (ая)
огн.б;огнеметный батальон
огн.р;огнеметная рота
огсбр;отдельная горнострелковая бригада
огсп;отдельный горно-стрелковый полк
одб;отдельный дисциплинарный батальон
одкбр;отдельная дорожно-комендантская бригада
однпл;отдельный дивизион подводных лодок
одон;отдельная дивизия оперативного назначения
одраэ;отдельная дальняя разведывательная авиаэскадрилья
одшбр;отдельная десантно-штурмовая бригада
оз.;озеро
озад;отдельный зенитный артиллерийский дивизион
озадн;отдельный зенитный артиллерийский дивизион
озпр;отдельная зенитно-пулеметная рота
озрбр;отдельная зенитно-ракетная бригада
оиаб;отдельный инженерно-аэродромный батальон
оиап;отдельный истребительный авиационный полк
оиб;отдельный инженерный батальон
оибр;отдельная истребительная бригада
оиивэ;отдельная исследовательско-инструкторская вертолетная эскадрилья
оинжб;отдельный инженерный батальон
оинжр;отдельная инженерная рота
оипд;отдельный инженерно-противотанковый дивизион
оиптабр;отдельная истребительно-противо-танковая артиллерийская бригада
оиптап;отдельный истребительно-противо-танковый артиллерийский полк
оиптд;отдельный истребительно-противотанковый дивизион
оисб;отдельный инженерно-саперный батальон
оисбр;отдельная инженерно-саперная бригада
оисп;отдельный инженерно-саперный полк
оитапон;отдельный испытательно-тренировочный авиаполк особого назначения
окавп;отдельный кавалерийский полк
окиап;отдельный корабельный истребительный авиаполк
окп;отдельный комендантский полк
окплвп;отдельный корабельный противолодочный вертолетный полк
окплвэ;отдельная корабельная противолодочная вертолетная эскадрилья
окр.;окраина
окрап;отдельный корректировочно-разведывательный авиационный полк
округ;округ
окурсбр;отдельная курсантская стрелковая бригада
окшр;отдельная кабельно-шестовая рота
олбр;отдельная лыжная бригада
омб;отдельный моторизованный батальон
омд;отдельный минометный дивизион
омиб;отдельный морской инженерный батальон
омибр;отдельная мото-инженерная бригада
оминб;отдельный минометный батальон
оминд;отдельный минометный дивизион
оморсбр;отдельная морская стрелковая бригада
омпмб;отдельный моторизованный понтонно-мостовой батальон
омпоб;отдельный минно-подрывной огнеметный батальон
омрап;отдельный морской ракетоносный авиаполк
омс;отделение метеорологической службы
омсб;отдельный мотострелковый батальон
омсбр;отдельная мотострелковая бригада
омсп;отдельный мотострелковый полк
омшап;отдельный морской штурмовой авиаполк
омшаэ;отдельная морская штурмовая авиаэскадрилья
оо;отдельный отряд
ооб;отдельный огнеметный батальон
ообмп;Отдельный особый батальон морской пехоты
оор;отдельная огнеметная рота
оохб;отдельный огнеметно-химический батальон
опаб;отдельный пулеметно-артиллерийский батальон
опдп;отдельный парашютно-десантный полк
опер._отдел;оперативный отдел
оперто;отдельный полк связи и радиотехнического обеспечения
оплапдд;отдельный противолодочный авиаполк дальнего действия
оплвп;отдельный противолодочный вертолетный полк
опмб;отдельный понтонно-мостовой батальон
опмп;отдельный полк морской пехоты
опрэб;отдельный полк радиоэлектронной борьбы
опс;отдельный полк связи
опсрто;отдельный полк связи и радиотехнического обеспечения
оптадн;отдельный противотанковый дивизион
оптб;отдельный противотанковый батальон
оптд;отдельный противотанковый дивизион
опулб;отдельный пулеметный батальон
опэскнк;оперативная эскадра надводных кораблей
опэскпл;оперативная эскадра подводных лодок
ор;огнеметная рота
орад;отдельный разведывательный артиллерийский дивизион
орадб;отдельный радиобатальон
оран;отдельный разведывательный авиационный полк
орао;отдельный разведывательный авиаотряд
орб;отдельный разведывательный батальон
орбр;отдельная ракетная бригада
орвб;отдельный ремонтно-восстановительный батальон
ореабр;отдельная реактивная артиллерийская бригада
ореадн;отдельный реактивный артиллерийский дивизион
орлр;отдельная радиолокационная рота
орму;отдельная рота медусиления
ороб;отдельный ранцевый огнеметный батальон
орпСпН;отдельный разведывательный полк специального назначения
орпк;орудийный полукапонир
орс;отдельная рота связи
ортбрОсНаз;отдельная радиотехническая бригада особого назначения
орту;отдельный радиотехнический узел
ору;отдельный радиоузел
орхз;отдельная рота химзащиты
орхр;отдельная рота химразведки
осад;отдельный самоходно-артиллерийский дивизион
осамрр;отдельная самокатно-разведывательная рота
осап;отдельный смешанный авиаполк
осапб;отдельный саперный батальон
осаэ;отдельная смешанная авиаэскадрилья
осб;отдельный стрелковый батальон
осбр;отдельная стрельковая бригада
осбро;отдельная стрелковая бригада охраны
осдн;отдельный салютный дивизион
оск;особый стрелковый корпус
особ._назнач.;особого назначения
особарм;особый отдел армии
особдив;особый отдел дивизии
осп;отдельный стрелковый полк
осплап;отдельный смешанный противолодочный авиаполк
отадн;отдельный тяжёлый артиллерийский дивизион
отб;отдельный танковый батальон
отбвп;отдельный транспортно-боевой вертолетный полк
отбр;отдельная танковая бригада
отд.;отдельный
отдельный_сп;отдельный стрелковый полк
отдельный_уч.сп;отдельный учебный стрелковый полк
отм.;отметка
отп;отдельный танковый полк
отпад;отдельный тяжелый пушечный артиллерийский дивизион
отрб;отдельный танко-ремонтный батальон
оттр;отдельная трофейно-техническая рота
отэр;отдельная техническо-эвакуационная рота
оутц;отдельный учебно-тренировочный центр
оуц;окружной учебный центр
охр.;охранный (ая)
оэбпла;отдельная эскадрилья беспилотных летательных аппаратов
оэр;отдельная эксплуатационная рота
оэтр;отдельная элетротехническая рота
п-к;полковник
п.;пункт
п.г.;прошлого года
п/о;почтовое отделение
п/п;полевая почта
п/я;почтовый ящик
пабр;пушечная артиллерийская бригада
пап;пушечный артиллерийский полк
парм;подвижная авиационная ремонтная мастерская (автомобильного типа), полевая артиллерийская ремонтная мастерская
пах;полевой автохлебозавод
пб;пехотный батальон
пбр;пехотная бригада
пд;пехотная дивизия
пдп;парашютно-десантный полк
пех.;пехотный (ая, ое)
пкг;полевая касса Госбанка
плавсредства;плавучие средства
платф.;платформа
пмб;понтонно-мостовой батальон
пмп;понтонно-мостовой полк
пмто;пункт материально-технического обеспечения
поарм;политотдел армии
погз;пограничная застава
пого;пограничный отряд
погран.;пограничный
полиц.;полиция
польск.;польский (ая, ое)
помбр;понтонно-мостовая бригада
помп;понтонно-мостовой полк
понб;понтонный батальон
понмбр;понтонно-мостовая бригада
порам;походная автомастерская для ремонта обуви
порем;походная автомастерская для ремонта обоза
пп;пехотный полк
ппг;полевой подвижный госпиталь
ппс;полевая почтовая станция
пр-к;противник
приг.;пригород
прим.;примечание
продфураж;продовольствие и фураж
псн;полк специального назначения
псп;пластунский стрелковый полк
птабр;противотанковая артиллерийская бригада
птбр;противотанковая бригада
птд,;птдн противотанковый дивизион
птд;противотанковый дивизион
пулад;пулеметно-артиллерийская дивизия
пулап;пулеметно-артиллерийский полк
пулбат;пулеметный батальон
пульбат;пулеметный батальон
пулр;пулеметная рота
пульрота;пулеметная рота
пуль._взвод;пулеметный взвод
пхп;полевая хлебопекарня
р-н;район
р.;река
р/д;разведывательные данные
раг;разведывательная авиационная группа
рад;разведывательный артиллерийский дивизион
разгранлиния;разграничительная линия
рап;разведывательный авиационный полк
рб;разведывательный батальон
рвб;ремонтно-восстановительный батальон
рвр;ремонтно-восстановительная рота
рд;резервная дивизия
реап;реактивный артиллерийский полк
рез.;резерв(ный)
рз;ремонтный завод
рквмф;рабоче-крестьянский военно-морской флот
ркка;рабоче-крестьянская красная армия
ркквмф;рабоче-крестьянский военно-морской флот
рр;разведывательная рота
ррег;рота регулирования
ртбр;радиотехническая бригада
рто;рота технического обслуживания
ртп;радиотехнический полк
с-з;северо-западный
с.;село
с.г.;сего года
с/г;сего года
с/о;секретный осведомитель
со;секретный осведомитель
с/с;сельский совет
сабр;самоходная артиллерийская бригада
сад;смешанная авиационная дивизия
сак;смешанный авиационный корпус
санап;санитарный авиаполк
сап._А;саперная армия
сап;самоходный артиллерийский полк
сапб;саперный батальон
сапбр;саперная бригада
сапп;саперный полк
сапр;саперная рота
сб;стрелковый батальон
сбабр;авиабригада стратегических бомбардировщиков
сбап;скоростной бомбардировочный авиационный полк
сбп;
сбр;стрелковая бригада
сводн.;сводный
свх.;совхоз (советское хозяйство)
сд_НО;стрелковая дивизия народного ополчения
сд;стрелковая дивизия
сдно;стрелковая дивизия народного ополчения (Саратовская)
сев.;северный
ск;стрелковый корпус
смеш.авиадивизия;смешанная авиационная дивизия
смэ;смешанная эскадрилья
сн;стратегического (специального) назначения
снбап;скоростной ночной бомбардировочный авиационный полк [612]
снд;сопряженное наблюдение дивизиона
сов.;совершенно
сп;стрелковый полк
ср;стрелковая рота
срз;судоремонтный завод
ст.;статья
стр.;стрелковый (полк, дивизия)
стройбат;строительный батальон
т-ма;телеграмма
т.;товарищ
танк.;танковый (ая)
тб;танковый батальон
тбабр;тяжело-бомбардировочная авиабригада
тбад;тяжелая бомбардировочная авиадивизия
тбап;тяжелый бомбардировочный авиаполк
тбв;техническая база вооружения
тбр;танковая бригада
тбэ;эскадрилья тяжелых бомбардировщиков
твв;топо-вычислительный взвод
тгабр;тяжелая гаубичная бригада
тго;топогеодезический отряд
тд;танковая дивизия
теп;танко-самоходный полк
тк;танковый корпус
тов.;товарищ
топотделение;топографическое отделение
тп;танковый полк
тпбр;трубопроводная бригада
тпмп;тяжелый понтонно-мостовой полк
тпп;танковый пок прорыва
тр;танковая рота
транспортная;авиадивизия транспортная авиационная дивизия
тсап;тяжелый самоходный артиллерийский полк
тср;телеграфно-строительная рота
тт;телефонотелеграфная связь
ттп;тяжелый танковый полк
тф;технический факультет
тэр;телеграфно-эксплуатационная рота
уа;ударная армия
уабр;учебная артиллерийская бригада
уавтбр;учебная автомобильная бригада
уап;учебный авиационный (артиллерийский) полк
уапд;учебная авиаполевая дивизия
уаэ;учебная авиаэскадрилья
увп;учебный вертолетный полк
уибр;учебная инженерная бригада
укреп.;укрепленный (ая)
умсп;учебный мотострелковый полк
уопп;учебный отряд подводного плавания
упр.;управление
ур.;урочище
ур;укрепленный район
урож.;уроженец
ус;узел связи
усбр;учебная стрелковая бригада
усд;учебная стрелковая дивизия
утп;учебный танковый полк
утц;учебно-тренировочный центр
уц;учебный центр
уцбпбпр;учебный центр боевой подготовки и боевого применения
уцбпр;учебный центр боевого применения
уцбпрва;учебный центр боевой подготовки ракетных войск и артиллерии
уцвСпН;учебный центр войск специального назначения
уцив;учебный центр инженерных войск
уцрэб;учебный центр радиоэлектронной борьбы
уцс;учебный центр связи
уч.артполк;учебный артиллерийский полк
уч.минометный;полк учебный минометный полк
уч.полк;автоматчиков учебный полк автоматчиков
уч.противотанковый;артполк учебный противотанковый артиллерийский полк
уч.пулеметный;полк учебный пулеметный полк
уч.сп;учебный стрелковый полк
учад;учебный артиллерийский дивизион
учб;учебный батальон
учп;учебный полк
фл.;флигель
фл;филиал
флпл;флотилия подводных лодок
флррс;флотилия разнородных сил
фр.;фронт (фронтовой)
х.;хутор
хут.;хутор
царз;центральный авторемонтный завод
цбат;центральная база автомобильной техники
цбпасв;центр боевой подготовки авиации сухопутных войск
цбпплс;центр боевой подготовки и переучивания летного состава
цбпрвсрхбз;центральная база производства и ремонта вооружения и средств радиационной, химической и биологической защиты
цбрв;центральная база резерва вертолетов
цбрт;центральная база резерва танков
цбти;центральная база технического имущества
цбховдт;центральная база хранения и обслуживания воздушно-десантной техники
цбхрт;центральная база хранения и резерва техники
цвг;центральный военный госпиталь
цвкг;центральный военный клинический госпиталь
цвктубг;центральный военный клинический туберкулезный госпиталь
цвмкг;центральный военно-морской клинический госпиталь
цвниаг;центральный военный научно-исследовательский авиационный госпиталь
циб;центральная инженерная база
цлмки;Центральная лаборатория медицинско-криминалистической экспертизы
цок;центральные офицерские курсы
цпат;центр показа авиационной техники
цпвн;центр подготовки военных наблюдателей
црб;центральная ремонтная база
црбрлв;центральная ремонтная база радиолокационного вооружения
црэр;центр радиоэлектронной разведки
цсои;центр сбора и обработки информации
цус;центральный узел связи
шад;штурмовая авиационная дивизия
шак;штурмовой авиационный корпус
шап;штурмовой авиационный полк
шисбр;штурмовая инженерно-саперная
шт;школа техников
штакор;штаб корпуса
штарм;штаб армии
штафронта;штаб фронта
штрафб;штрафной батальон
штурмовая;авиадивизия штурмовая авиационная дивизия
штурмовой;авиаполк штурмовой авиационный полк
шэ;штурмовая эскадрилья
эарз;экспериментальный авторемонтный завод
эди;эскадрилья двухмоторных истребителей
электробат;электро-технический батальон
эни;эскадрилья ночных истребителей
эст.;эстонский (ая, ое)
эш;эшелон
